Question,Answer
what is dementia?,Dementia is a broad term for a group of cognitive disorders characterized by memory loss impaired reasoning and personality changes. It affects daily functioning and is often associated with agin but can also result from various underlying conditions such as Alzheimer's disease or vascular issues.
What are the cognitive symptoms of dementia?,Cognitive symptoms include memory loss problem-solving difficulties confusion and difficulty learning new information.
What are the behavioural symptoms of dementia?,Behavioural symptoms may include agitation mood swings irritability and inappropriate social behavior.
What are the physical symptoms associated with dementia?,Loss of coordination difficulty in walking and muscle weakness can be associated with certain types of dementia.
Is forgetfulness always a sign of dementia?,Forgetfulness can be a common aspect of aging but some worry that it is the first sign of dementia. However not everyone experiencing memory problems have dementia.
Are hallucinations common in dementia?,Hallucinations can occur in some forms of dementia but not everyone with dementia experiences them. They can be seeing flashing lights animals people or strange situations.
Can dementia symptoms vary among different individuals?,Yes the presentation of dementia symptoms can vary widely among individuals depending on the type and stage of dementia.
What is the best medication to manage behavioural symptoms in dementia?,Atypical antipsychotics are considered the most effective treatment for severe agitation and confusion that is unresponsive to non-medical methods.
How do you deal with aggressive actions in people with dementia?,To reduce aggression in people with dementia using non-drug methods works better than medications. Activities like exercise gentle touch or massage and listening to music can be helpful.
How does dementia affect language skills?,Dementia can impact language skills leading to difficulties in communication and finding the right words.
Can personality changes be indicative of dementia?,Yes personality changes such as increased moodiness and apathy can be signs of dementia.
Are there gender differences in how dementia symptoms manifest?,A few studies propose that women might face challenges with remembering words while men may have more noticeable issues with tasks involving decision-making and planning. However individual variations exist.
How do healthcare professionals assess wandering behavior in dementia?,Wandering a common behavior in dementia is assessed by understanding triggers ensuring a safe environment and using tracking devices when necessary.
Can sensory impairments worsen dementia symptoms?,Yes sensory impairments such as hearing or vision loss can contribute to increased confusion and difficulty in communication for individuals with dementia.
What role does music therapy play in managing dementia symptoms?,Music therapy has shown positive effects in reducing agitation improving mood and enhancing cognitive function in individuals with dementia.
Can certain medications worsen cognitive function in dementia?,Some medications especially those with anticholinergic properties may worsen cognitive function in individuals with dementia and should be carefully monitored.
How does the "mirror therapy" concept apply to dementia care?,Mirror therapy involves using mirrors to create the illusion of a familiar environment potentially reducing restlessness and improving overall well-being in individuals with dementia.
Can stress and anxiety contribute to the worsening of dementia symptoms?,Yes stress and anxiety can exacerbate dementia symptoms making it important to create a calm and supportive environment for individuals with dementia.
What are the potential reasons behind resistance to care for individuals with dementia?,Resistance to care may be due to discomfort fear or a lack of understanding. Identifying and addressing the root cause is crucial in providing effective care.
Can anosognosia be a factor in dementia care?,Anosognosia a lack of awareness of one's cognitive decline can impact the individual's ability to recognize and acknowledge the need for assistance in dementia care.
Are there cultural considerations in interpreting dementia symptoms?,Yes cultural factors can influence how dementia symptoms are perceived and expressed emphasizing the need for culturally sensitive and individualized care.
How can communication strategies be adapted for individuals with advanced dementia?,Communication strategies may involve non-verbal cues simplicity in language and focusing on emotional connection as verbal communication becomes more challenging.
Can my family doctor diagnose Alzheimer's disease?,Yes. Only a doctor or someone qualified in healthcare can officially diagnose dementia. Diagnosing dementia involves a thorough evaluation to rule out other potential causes. Family doctors can often perform this assessment over a series of office visits.
Can individuals with dementia experience changes in sleep patterns?,Yes disruptions in sleep patterns including insomnia or excessive daytime sleepiness are common in individuals with dementia.
How does the progression of symptoms differ between early-stage and late-stage dementia?,In early stages symptoms may be mild and primarily involve memory loss while late-stage dementia is characterized by severe cognitive decline loss of independence and increased physical challenges.
Can individuals with dementia experience disruptions in their sense of smell?,Yes changes in the sense of smell including a reduced ability to identify or differentiate odors can occur in individuals with certain types of dementia.
Can difficulties in recognizing familiar faces be a symptom of dementia?,Yes individuals with dementia